round,draw_date,venue
2129,2026-08-17,東京 宝くじドリーム館
2128,2026-08-13,東京 宝くじドリーム館
2127,2026-08-10,東京 宝くじドリーム館
2126,2026-08-06,東京 宝くじドリーム館
2125,2026-08-03,東京 宝くじドリーム館
2124,2026-07-30,東京 宝くじドリーム館
2123,2026-07-27,東京 宝くじドリーム館
2122,2026-07-23,東京 宝くじドリーム館
2121,2026-07-20,東京 宝くじドリーム館
2120,2026-07-16,東京 宝くじドリーム館
2119,2026-07-13,東京 宝くじドリーム館
2118,2026-07-09,大阪 宝くじドリーム館
2117,2026-07-06,大阪 宝くじドリーム館
2116,2026-07-02,東京 宝くじドリーム館
2115,2026-06-29,東京 宝くじドリーム館
2114,2026-06-25,東京 宝くじドリーム館
2113,2026-06-22,東京 宝くじドリーム館
2112,2026-06-18,東京 宝くじドリーム館
2111,2026-06-15,東京 宝くじドリーム館
2110,2026-06-11,東京 宝くじドリーム館
2109,2026-06-08,東京 宝くじドリーム館
2108,2026-06-04,東京 宝くじドリーム館
2107,2026-06-01,東京 宝くじドリーム館
2106,2026-05-28,東京 宝くじドリーム館
2105,2026-05-25,東京 宝くじドリーム館
2104,2026-05-21,東京 宝くじドリーム館
2103,2026-05-18,東京 宝くじドリーム館
2102,2026-05-14,東京 宝くじドリーム館
2101,2026-05-11,東京 宝くじドリーム館
2100,2026-05-07,東京 宝くじドリーム館
2099,2026-05-04,東京 宝くじドリーム館
2098,2026-04-30,東京 宝くじドリーム館
2097,2026-04-27,東京 宝くじドリーム館
2096,2026-04-23,東京 宝くじドリーム館
2095,2026-04-20,東京 宝くじドリーム館
2094,2026-04-16,東京 宝くじドリーム館
2093,2026-04-13,東京 宝くじドリーム館
2092,2026-04-09,東京 宝くじドリーム館
2091,2026-04-06,東京 宝くじドリーム館
2090,2026-04-02,東京 宝くじドリーム館
2089,2026-03-30,東京 宝くじドリーム館
2088,2026-03-26,東京 宝くじドリーム館
2087,2026-03-23,東京 宝くじドリーム館
2086,2026-03-19,東京 宝くじドリーム館
2085,2026-03-16,東京 宝くじドリーム館
2084,2026-03-12,東京 宝くじドリーム館
2083,2026-03-09,東京 宝くじドリーム館
2082,2026-03-05,大阪 宝くじドリーム館
2081,2026-03-02,大阪 宝くじドリーム館
2080,2026-02-26,東京 宝くじドリーム館
2079,2026-02-23,東京 宝くじドリーム館
2078,2026-02-19,東京 宝くじドリーム館
2077,2026-02-16,東京 宝くじドリーム館
2076,2026-02-12,東京 宝くじドリーム館
2075,2026-02-09,東京 宝くじドリーム館
2074,2026-02-05,東京 宝くじドリーム館
2073,2026-02-02,東京 宝くじドリーム館
2072,2026-01-29,東京 宝くじドリーム館
2071,2026-01-26,東京 宝くじドリーム館
2070,2026-01-22,東京 宝くじドリーム館
2069,2026-01-19,東京 宝くじドリーム館
2068,2026-01-15,東京 宝くじドリーム館
2067,2026-01-12,東京 宝くじドリーム館
2066,2026-01-08,東京 宝くじドリーム館
2065,2026-01-05,東京 宝くじドリーム館
2064,2025-12-29,東京 宝くじドリーム館
2063,2025-12-25,東京 宝くじドリーム館
2062,2025-12-22,東京 宝くじドリーム館
2061,2025-12-18,東京 宝くじドリーム館
2060,2025-12-15,東京 宝くじドリーム館
2059,2025-12-11,東京 宝くじドリーム館
2058,2025-12-08,東京 宝くじドリーム館
2057,2025-12-04,東京 宝くじドリーム館
2056,2025-12-01,東京 宝くじドリーム館
2055,2025-11-27,東京 宝くじドリーム館
2054,2025-11-24,東京 宝くじドリーム館
2053,2025-11-20,東京 宝くじドリーム館
2052,2025-11-17,東京 宝くじドリーム館
2051,2025-11-13,東京 宝くじドリーム館
2050,2025-11-10,東京 宝くじドリーム館
2049,2025-11-06,東京 宝くじドリーム館
2048,2025-11-03,東京 宝くじドリーム館
2047,2025-10-30,東京 宝くじドリーム館
2046,2025-10-27,東京 宝くじドリーム館
2045,2025-10-23,東京 宝くじドリーム館
2044,2025-10-20,東京 宝くじドリーム館
2043,2025-10-16,東京 宝くじドリーム館
2042,2025-10-13,東京 宝くじドリーム館
2041,2025-10-09,大阪 宝くじドリーム館
2040,2025-10-06,大阪 宝くじドリーム館
2039,2025-10-02,東京 宝くじドリーム館
2038,2025-09-29,東京 宝くじドリーム館
2037,2025-09-25,東京 宝くじドリーム館
2036,2025-09-22,東京 宝くじドリーム館
2035,2025-09-18,東京 宝くじドリーム館
2034,2025-09-15,東京 宝くじドリーム館
2033,2025-09-11,東京 宝くじドリーム館
2032,2025-09-08,東京 宝くじドリーム館
2031,2025-09-04,東京 宝くじドリーム館
2030,2025-09-01,東京 宝くじドリーム館
2029,2025-08-28,東京 宝くじドリーム館
2028,2025-08-25,東京 宝くじドリーム館
2027,2025-08-21,東京 宝くじドリーム館
2026,2025-08-18,東京 宝くじドリーム館
2025,2025-08-14,東京 宝くじドリーム館
2024,2025-08-11,東京 宝くじドリーム館
2023,2025-08-07,東京 宝くじドリーム館
2022,2025-08-04,東京 宝くじドリーム館
