round,draw_date,venue,draw_date_kyo,n1,n2,n3,n4,n5,n6,bonus,prize1_winners,prize2_winners,prize3_winners,prize4_winners,prize5_winners,prize1_amount,prize2_amount,prize3_amount,prize4_amount,prize5_amount,carryover
2129,2026-08-17,東京 宝くじドリーム館,2026/8/17,2,4,6,16,25,41,40,0,2,258,12822,199767,0,34449900,288400,6100,1000,239978734
2128,2026-08-13,東京 宝くじドリーム館,2026/8/13,13,20,22,27,35,38,11,1,8,215,9087,141943,200000000,7887200,316900,7900,1000,10319757
2127,2026-08-10,東京 宝くじドリーム館,2026/8/10,7,12,15,29,30,33,22,1,5,357,13333,200568,408302200,14706900,222400,6200,1000,0
2126,2026-08-06,東京 宝くじドリーム館,2026/8/6,18,20,22,35,37,42,24,1,4,240,11134,187447,600000000,20492900,368800,8400,1000,163194603
2125,2026-08-03,東京 宝くじドリーム館,2026/8/3,3,22,25,28,30,43,39,0,7,241,11686,192682,0,11573900,363000,7900,1000,489963936
2124,2026-07-30,東京 宝くじドリーム館,2026/7/30,6,20,29,36,37,41,19,0,8,165,8005,134914,0,8247000,431800,9400,1000,219914692
2123,2026-07-27,東京 宝くじドリーム館,2026/7/27,1,2,4,25,37,40,43,2,8,194,10917,194406,293335100,10323100,459700,8600,1000,0
2122,2026-07-23,東京 宝くじドリーム館,2026/7/23,12,15,18,21,26,32,41,0,8,224,10717,174785,0,8735200,336900,7400,1000,311395743
2121,2026-07-20,東京 宝くじドリーム館,2026/7/20,1,3,10,17,25,26,36,1,11,479,17960,251843,600000000,7086200,175700,4900,1000,78463295
2120,2026-07-16,東京 宝くじドリーム館,2026/7/16,3,8,13,14,16,43,26,0,9,195,11417,201006,0,8040500,400700,7200,1000,418643783
2119,2026-07-13,東京 宝くじドリーム館,2026/7/13,15,18,20,22,30,38,42,1,2,193,11079,192434,600000000,44295500,495700,9100,1000,177434948
2118,2026-07-09,大阪 宝くじドリーム館,2026/7/9,1,5,8,35,36,37,24,0,6,323,14687,223868,0,12588100,252500,5800,1000,482140962
2117,2026-07-06,大阪 宝くじドリーム館,2026/7/6,4,7,26,27,35,41,34,0,4,213,11374,181867,0,17279500,350400,6900,1000,230386799
2116,2026-07-02,東京 宝くじドリーム館,2026/7/2,2,6,13,14,20,42,10,1,7,226,12948,216056,485666100,11017800,368500,6700,1000,0
2115,2026-06-29,東京 宝くじドリーム館,2026/6/29,1,3,11,34,35,42,23,0,8,171,10071,168868,0,8572400,433100,7700,1000,228591918
2114,2026-06-25,東京 宝くじドリーム館,2026/6/25,2,16,20,21,23,33,43,2,8,313,13496,212254,525897600,11524100,318000,7700,1000,0
2113,2026-06-22,東京 宝くじドリーム館,2026/6/22,2,5,32,36,38,42,14,0,8,225,12885,213988,0,10842600,416300,7600,1000,744495484
2112,2026-06-18,東京 宝くじドリーム館,2026/6/18,3,7,8,27,31,40,18,0,4,293,14317,218891,0,18589200,274000,5900,1000,455366461
2111,2026-06-15,東京 宝くじドリーム館,2026/6/15,1,5,8,12,37,43,36,0,5,259,13929,216748,0,12451400,259500,5100,1000,207517626
2110,2026-06-11,東京 宝くじドリーム館,2026/6/11,3,9,18,35,36,40,29,2,4,217,11138,167812,124941200,17446600,347300,7100,1000,0
2109,2026-06-08,東京 宝くじドリーム館,2026/6/8,6,11,19,31,38,41,3,1,6,234,10718,171685,200000000,10863700,300800,6900,1000,17268406
2108,2026-06-04,東京 宝くじドリーム館,2026/6/4,2,5,10,15,28,43,27,3,6,313,13552,195451,83434500,10845500,224500,5400,1000,0
2107,2026-06-01,東京 宝くじドリーム館,2026/6/1,5,8,27,32,36,39,38,1,6,241,11251,181175,200000000,11670300,313700,7100,1000,33399525
2106,2026-05-28,東京 宝くじドリーム館,2026/5/28,1,6,17,27,34,43,24,2,12,269,12294,193814,261492400,6397500,308200,7100,1000,0
2105,2026-05-25,東京 宝くじドリーム館,2026/5/25,5,26,28,30,36,40,32,0,5,159,8406,151323,0,15075200,511900,10200,1000,267091381
2104,2026-05-21,東京 宝くじドリーム館,2026/5/21,18,19,21,25,28,34,4,1,9,180,9725,153283,200000000,7195000,388500,7500,1000,15845051
2103,2026-05-18,東京 宝くじドリーム館,2026/5/18,1,2,4,5,8,38,39,2,6,523,18465,234935,121423400,10965700,135800,4000,1000,0
2102,2026-05-14,東京 宝くじドリーム館,2026/5/14,18,21,25,28,30,43,8,1,8,148,8874,147401,200000000,8382900,489300,8600,1000,23538243
2101,2026-05-11,東京 宝くじドリーム館,2026/5/11,1,17,29,33,40,42,21,2,3,158,8609,143366,119417600,23884300,489700,9400,1000,0
2100,2026-05-07,東京 宝くじドリーム館,2026/5/7,8,17,24,32,35,41,28,5,15,461,15912,212199,100644600,5150200,180900,5500,1000,0
2099,2026-05-04,東京 宝くじドリーム館,2026/5/4,19,21,34,36,39,42,43,0,2,126,7983,139177,0,36859100,631800,10500,1000,245719871
2098,2026-04-30,東京 宝くじドリーム館,2026/4/30,1,6,15,18,19,42,24,2,18,254,14486,235925,536215400,4776600,365500,6700,1000,0
2097,2026-04-27,東京 宝くじドリーム館,2026/4/27,3,20,24,27,34,42,37,0,4,261,12217,202554,0,21894400,362300,8100,1000,785838686
2096,2026-04-23,東京 宝くじドリーム館,2026/4/23,8,15,18,21,33,43,38,0,6,239,12495,190942,0,12574100,340900,6800,1000,493922051
2095,2026-04-20,東京 宝くじドリーム館,2026/4/20,13,20,22,23,28,30,29,0,5,175,8524,153085,0,14547300,448800,9700,1000,242447428
2094,2026-04-16,東京 宝くじドリーム館,2026/4/16,3,4,7,11,24,30,16,5,18,710,25626,316889,200321600,4168200,114100,3300,1000,0
2093,2026-04-13,東京 宝くじドリーム館,2026/4/13,2,10,21,26,29,38,12,0,16,329,14455,224282,0,5077800,266600,6400,1000,751519994
2092,2026-04-09,東京 宝くじドリーム館,2026/4/9,8,13,27,36,37,43,3,0,6,264,11718,181007,0,12644000,310300,7300,1000,480712171
2091,2026-04-06,東京 宝くじドリーム館,2026/4/6,6,16,21,25,28,43,9,0,2,187,9022,160010,0,34177100,394700,8600,1000,227840393
2090,2026-04-02,東京 宝くじドリーム館,2026/4/2,2,3,6,9,24,36,5,1,8,476,19544,251566,449917100,7992100,145000,3700,1000,0
2089,2026-03-30,東京 宝くじドリーム館,2026/3/30,9,16,18,32,37,43,13,0,11,162,9049,151757,0,6458300,473500,8900,1000,236800230
2088,2026-03-26,東京 宝くじドリーム館,2026/3/26,8,16,18,27,37,39,29,3,11,282,12626,184969,85315200,6129800,258200,6000,1000,0
2087,2026-03-23,東京 宝くじドリーム館,2026/3/23,7,10,15,18,26,39,13,1,9,302,14390,216634,600000000,8467700,272500,6000,1000,31193795
2086,2026-03-19,東京 宝くじドリーム館,2026/3/19,4,11,19,28,39,40,6,0,15,296,12723,188055,0,4915400,269000,6600,1000,377168743
2085,2026-03-16,東京 宝くじドリーム館,2026/3/16,6,8,13,26,35,43,14,1,3,276,12985,208313,600000000,26889600,315600,7000,1000,131403738
2084,2026-03-12,東京 宝くじドリーム館,2026/3/12,8,17,18,19,30,39,9,0,8,290,11789,183453,0,9460500,281800,7300,1000,462516068
2083,2026-03-09,東京 宝くじドリーム館,2026/3/9,8,10,13,17,26,29,43,0,7,302,13544,199383,0,9010700,225500,5300,1000,210243220
2082,2026-03-05,大阪 宝くじドリーム館,2026/3/5,5,11,14,19,25,40,17,2,6,293,14596,232454,266807600,14329900,316900,6700,1000,0
2081,2026-03-02,大阪 宝くじドリーム館,2026/3/2,14,31,32,37,41,42,22,0,3,154,8262,140455,0,24703300,519700,10200,1000,247024989
2080,2026-02-26,東京 宝くじドリーム館,2026/2/26,6,12,30,36,37,38,8,1,10,241,13400,198415,455170700,7439800,333300,6300,1000,0
2079,2026-02-23,東京 宝くじドリーム館,2026/2/23,5,11,15,17,24,39,31,0,16,311,13225,195301,0,3884800,215800,5300,1000,207185202
2078,2026-02-19,東京 宝くじドリーム館,2026/2/19,1,10,20,24,30,35,41,1,6,245,12042,181113,495292100,12821200,339000,7200,1000,0
2077,2026-02-16,東京 宝くじドリーム館,2026/2/16,17,18,23,24,26,43,10,0,4,155,9258,161757,0,17916200,499300,8800,1000,238876055
2076,2026-02-12,東京 宝くじドリーム館,2026/2/12,1,9,20,22,28,41,30,5,7,579,14943,195735,94842000,10800100,141000,5700,1000,0
2075,2026-02-09,東京 宝くじドリーム館,2026/2/9,7,10,14,16,35,37,11,0,2,177,10275,169978,0,33333300,406700,7400,1000,222215112
2074,2026-02-05,東京 宝くじドリーム館,2026/2/5,5,6,16,26,27,36,11,4,18,649,19672,263713,281563500,4987900,149400,5200,1000,0
2073,2026-02-02,東京 宝くじドリーム館,2026/2/2,2,12,14,24,26,29,8,0,13,378,17612,270616,0,6667900,247600,5600,1000,826984918
2072,2026-01-29,東京 宝くじドリーム館,2026/1/29,8,18,24,36,40,42,43,0,6,306,12711,188758,0,13209300,279700,7100,1000,538049454
2071,2026-01-26,東京 宝くじドリーム館,2026/1/26,15,24,29,32,33,35,14,0,4,253,11221,177707,0,18897900,322600,7600,1000,273871384
2070,2026-01-22,東京 宝くじドリーム館,2026/1/22,6,10,25,30,34,36,12,1,9,151,8966,156035,200000000,7397100,476100,8400,1000,21907185
2069,2026-01-19,東京 宝くじドリーム館,2026/1/19,6,17,23,27,33,35,4,9,11,361,15509,241214,86819200,8097000,266400,6500,1000,0
2068,2026-01-15,東京 宝くじドリーム館,2026/1/15,2,10,13,14,29,33,32,0,6,378,14922,223597,0,13131100,225000,6000,1000,484491749
2067,2026-01-12,東京 宝くじドリーム館,2026/1/12,3,4,12,15,32,42,31,0,6,195,10677,185401,0,11094200,368600,7100,1000,221877669
2066,2026-01-08,東京 宝くじドリーム館,2026/1/8,8,28,30,32,37,38,5,1,4,156,10434,185431,542887200,21275800,589100,9300,1000,0
2065,2026-01-05,東京 宝くじドリーム館,2026/1/5,6,18,21,31,37,40,3,0,5,215,10741,178338,0,15198300,381700,8000,1000,259218384
2064,2025-12-29,東京 宝くじドリーム館,2025/12/29,2,7,24,37,39,41,3,1,12,264,14217,227361,600000000,7315700,359100,7000,1000,5920512
2063,2025-12-25,東京 宝くじドリーム館,2025/12/25,4,28,29,30,38,42,15,0,6,144,9010,162075,0,13231600,595400,10000,1000,313298859
2062,2025-12-22,東京 宝くじドリーム館,2025/12/22,1,9,18,24,35,42,8,1,11,292,12385,192461,200000000,6782200,275900,6800,1000,48674501
2061,2025-12-18,東京 宝くじドリーム館,2025/12/18,5,6,13,21,33,34,40,1,3,319,11939,182215,276436400,23316400,236800,6600,1000,0
2060,2025-12-15,東京 宝くじドリーム館,2025/12/15,8,16,22,40,41,42,10,1,7,164,8955,147543,200000000,10426600,480600,9300,1000,43279462
2059,2025-12-11,東京 宝くじドリーム館,2025/12/11,2,13,26,28,38,43,3,2,6,193,10577,161791,110548300,11055100,371100,7100,1000,0
2058,2025-12-08,東京 宝くじドリーム館,2025/12/8,9,12,14,16,19,42,18,2,4,171,9488,172385,115587500,17338600,438000,8300,1000,0
2057,2025-12-04,東京 宝くじドリーム館,2025/12/4,5,7,21,22,38,41,24,3,7,263,13310,207944,217303700,11373600,326900,6800,1000,0
2056,2025-12-01,東京 宝くじドリーム館,2025/12/1,3,7,15,17,19,30,38,1,6,408,17973,262734,600000000,14641600,232500,5500,1000,386535047
2055,2025-11-27,東京 宝くじドリーム館,2025/11/27,11,12,14,17,21,26,2,0,9,258,13549,227553,0,8790700,331100,6600,1000,693711520
2054,2025-11-24,東京 宝くじドリーム館,2025/11/24,1,14,27,30,33,37,23,1,1,239,12213,203450,600000000,91661400,414100,8500,1000,429996617
2053,2025-11-20,東京 宝くじドリーム館,2025/11/20,20,28,31,35,37,41,13,0,4,145,9252,162769,0,21547200,641900,10600,1000,724468616
2052,2025-11-17,東京 宝くじドリーム館,2025/11/17,1,3,18,25,30,34,10,0,5,240,12225,195372,0,15641200,351900,7300,1000,437181358
2051,2025-11-13,東京 宝くじドリーム館,2025/11/13,3,15,27,28,31,39,20,2,15,481,17971,258708,600000000,6459800,217500,6100,1000,176502270
2050,2025-11-10,東京 宝くじドリーム館,2025/11/10,6,11,15,21,25,32,5,0,10,309,15774,248843,0,9002800,314600,6500,1000,1053519923
2049,2025-11-06,東京 宝くじドリーム館,2025/11/6,10,24,25,39,40,42,19,0,9,190,10720,179593,0,9503600,486100,9100,1000,753434862
2048,2025-11-03,東京 宝くじドリーム館,2025/11/3,8,13,18,32,37,43,27,0,7,162,10649,175084,0,11040800,515200,8200,1000,468334806
2047,2025-10-30,東京 宝くじドリーム館,2025/10/30,10,11,16,19,37,39,27,0,3,165,8955,155144,0,21072900,413700,8000,1000,210723088
2046,2025-10-27,東京 宝くじドリーム館,2025/10/27,2,5,10,22,25,38,14,3,21,470,16168,209575,65800600,2820100,136000,4100,1000,0
2045,2025-10-23,東京 宝くじドリーム館,2025/10/23,1,4,7,12,16,28,19,3,14,596,21477,272776,239377600,5008600,127000,3700,1000,0
2044,2025-10-20,東京 宝くじドリーム館,2025/10/20,1,6,11,26,33,40,14,0,6,291,13818,212520,0,13035600,290200,6400,1000,484403623
2043,2025-10-16,東京 宝くじドリーム館,2025/10/16,11,19,22,34,40,42,31,0,5,183,8573,142617,0,13422300,396000,8900,1000,223699102
2042,2025-10-13,東京 宝くじドリーム館,2025/10/13,9,14,29,38,41,43,12,1,5,179,9622,157062,470308700,15648900,472000,9200,1000,0
2041,2025-10-09,大阪 宝くじドリーム館,2025/10/9,4,19,22,24,32,38,11,0,13,233,10452,156707,0,4834800,291300,6800,1000,209502018
2040,2025-10-06,大阪 宝くじドリーム館,2025/10/6,7,12,14,15,24,30,32,1,8,301,14739,229684,474998900,9735400,279400,6000,1000,0
2039,2025-10-02,東京 宝くじドリーム館,2025/10/2,2,15,25,27,38,42,22,0,11,271,11331,169403,0,5874600,257500,6500,1000,215395177
2038,2025-09-29,東京 宝くじドリーム館,2025/9/29,5,31,37,39,41,42,33,1,10,156,8779,152703,468137300,8183100,566500,10600,1000,0
2037,2025-09-25,東京 宝くじドリーム館,2025/9/25,7,12,20,23,27,29,10,0,3,251,12515,188891,0,19538100,252100,5300,1000,195374667
2036,2025-09-22,東京 宝くじドリーム館,2025/9/22,7,10,17,26,35,42,33,1,7,275,11927,193947,454612800,11042500,303500,7300,1000,0
2035,2025-09-18,東京 宝くじドリーム館,2025/9/18,5,10,12,17,21,35,9,0,9,286,12973,187195,0,6565600,223100,5100,1000,196961791
2034,2025-09-15,東京 宝くじドリーム館,2025/9/15,2,13,22,25,35,37,17,2,9,198,10984,163768,106154000,7077100,347400,6600,1000,0
2033,2025-09-11,東京 宝くじドリーム館,2025/9/11,5,16,21,22,33,35,26,3,7,242,10699,167344,85086700,9946200,310700,7400,1000,0
2032,2025-09-08,東京 宝くじドリーム館,2025/9/8,8,15,27,33,37,39,31,1,7,366,12928,182907,200000000,9565500,197500,5900,1000,23188375
2031,2025-09-04,東京 宝くじドリーム館,2025/9/4,2,3,16,20,23,29,27,3,6,298,14158,218931,194184800,12899600,280400,6200,1000,0
2030,2025-09-01,東京 宝くじドリーム館,2025/9/1,3,7,28,29,32,36,13,0,4,264,12618,198695,0,18228100,298200,6500,1000,324569514
2029,2025-08-28,東京 宝くじドリーム館,2025/8/28,7,21,31,36,40,43,41,1,0,162,9379,164175,488049000,0,543500,9900,1000,81535997
2028,2025-08-25,東京 宝くじドリーム館,2025/8/25,6,10,12,19,21,42,16,0,6,334,15152,208583,0,10756700,208600,4800,1000,216271318
2027,2025-08-21,東京 宝くじドリーム館,2025/8/21,5,12,18,23,34,39,13,1,7,389,12260,169488,200000000,8620600,167500,5600,1000,1142580
2026,2025-08-18,東京 宝くじドリーム館,2025/8/18,2,5,8,11,20,26,28,6,20,649,21880,265529,71626100,3324400,110600,3400,1000,0
2025,2025-08-14,東京 宝くじドリーム館,2025/8/14,12,18,26,28,41,43,35,0,2,140,7663,135664,0,31221400,481600,9200,1000,208136262
2024,2025-08-11,東京 宝くじドリーム館,2025/8/11,10,13,16,29,34,42,21,2,8,191,8973,149650,130661400,8840400,399800,8900,1000,0
2023,2025-08-07,東京 宝くじドリーム館,2025/8/7,1,20,28,29,31,43,5,1,1,152,7976,132339,200000000,67678000,480800,9600,1000,25586133
2022,2025-08-04,東京 宝くじドリーム館,2025/8/4,2,3,18,26,31,33,30,2,5,261,13919,223217,370901400,16084700,332700,6500,1000,0
